Opportunity,Dominant Category,Niche Score,Units Sold - Monthly Avg,Price - Monthly Avg,Search Volume - Monthly Total,Search Trend - 30-Day,Search Trend - 90-Day,Competition,Seasonality,Seasonality - Peak Month,Last Updated
"flamingo pjs for women","Clothing, Shoes & Jewelry","9","2,648","$24.99","450","0%","0%","Very Low","Low","No Peak Month","Feb 04, 2024"
"blackcraft clothing","Clothing, Shoes & Jewelry","9","1,970","$19.64","450","0%","-24%","Very Low","Very Low","No Peak Month","Feb 04, 2024"
"dress for woman","Clothing, Shoes & Jewelry","9","2,581","$73.24","3,303","-12%","5%","Very Low","Very Low","No Peak Month","Feb 17, 2024"
"denz","Home & Kitchen","9","2,515","$38.26","450","0%","0%","Very Low","Very Low","No Peak Month","Feb 17, 2024"
"a good provider is one who leaves","Home & Kitchen","9","2,837","$33.59","450","0%","13%","Very Low","Low","No Peak Month","Nov 20, 2023"
"difusor doterra","Health & Household","9","2,574","$44.34","450","0%","0%","Very Low","Very Low","No Peak Month","Feb 04, 2024"
"real life games","Toys & Games","9","1,660","$13.98","450","0%","0%","Very Low","Low","No Peak Month","Feb 05, 2024"
"koleston perfect","Beauty & Personal Care","9","1,747","$12.49","1,789","14%","-27%","Very Low","Very Low","No Peak Month","Feb 14, 2024"
"mistico mask","Clothing, Shoes & Jewelry","9","2,409","$33.77","450","0%","0%","Very Low","Very Low","No Peak Month","Feb 05, 2024"
"tilapia fish","Grocery & Gourmet Food","9","2,524","$14.68","462","-31%","21%","Very Low","Low","No Peak Month","Feb 13, 2024"
"barry sanders jerseys","Sports & Outdoors","9","1,664","$32.39","450","212%","0%","Very Low","Very Low","No Peak Month","Feb 17, 2024"
"ear candling wax removal kit","Health & Household","9","2,759","$13.42","1,482","-18%","-48%","Very Low","Very Low","No Peak Month","Feb 17, 2024"
"sexy lace dress","Clothing, Shoes & Jewelry","9","2,466","$26.98","4,200","-1%","-25%","Very Low","Very Low","No Peak Month","Feb 13, 2024"
"clippers jersey mens","Sports & Outdoors","9","2,521","$34.73","450","0%","0%","Very Low","Low","No Peak Month","Feb 04, 2024"
"nature's bounty fish oil 1200 mg","Health & Household","9","2,456","$24.05","339","41%","-26%","Very Low","Low","No Peak Month","Feb 05, 2024"
"anon mask","Clothing, Shoes & Jewelry","9","1,345","$44.76","450","0%","0%","Very Low","Very Low","No Peak Month","Feb 04, 2024"
"azooken","Clothing, Shoes & Jewelry","9","2,524","$35.49","450","0%","0%","Very Low","Low","No Peak Month","Feb 17, 2024"
"basil meyers hand soap","Beauty & Personal Care","9","2,430","$22.21","450","0%","13%","Very Low","Very Low","No Peak Month","Nov 21, 2023"
"slope","Office Products","9","2,769","$83.66","295","0%","0%","Very Low","Low","No Peak Month","Feb 16, 2024"
"light green construction paper","Arts, Crafts & Sewing","9","2,367","$9.87","816","0%","5%","Very Low","Very Low","No Peak Month","Feb 05, 2024"
"nanette lepore purse","Clothing, Shoes & Jewelry","9","2,440","$27.99","832","-16%","-14%","Very Low","Low","No Peak Month","Feb 05, 2024"
"sebastian cellophane clear","Beauty & Personal Care","9","1,661","$26.42","575","13%","-8%","Very Low","Low","No Peak Month","Feb 13, 2024"
"anjunabeats shirt","Clothing, Shoes & Jewelry","9","2,453","$25.32","450","0%","13%","Very Low","Very Low","No Peak Month","Aug 11, 2023"
"vichy dercos","Beauty & Personal Care","9","2,405","$22.42","1,235","0%","0%","Very Low","Low","No Peak Month","Feb 16, 2024"
"plus size silk pajamas","Clothing, Shoes & Jewelry","9","2,847","$26.99","3,670","-21%","-33%","Very Low","Low","No Peak Month","Feb 15, 2024"
"body armor lyte berry punch","Grocery & Gourmet Food","9","2,290","$21.47","450","-26%","0%","Very Low","Low","No Peak Month","Feb 17, 2024"
"handheld doppler fetal heartbeat","Baby","9","1,510","$47.87","450","0%","0%","Very Low","Low","No Peak Month","Feb 17, 2024"
"izze sparkling juice blackberry","Grocery & Gourmet Food","9","4,836","$24.87","450","0%","0%","Low","Low","No Peak Month","Feb 16, 2024"
"seatbelt for pregnant women","Baby","9","2,552","$19.79","610","37%","-27%","Very Low","Very Low","No Peak Month","Feb 14, 2024"
"arpege perfume by lanvin for women","Beauty & Personal Care","9","1,571","$48.58","450","0%","0%","Very Low","Low","No Peak Month","Feb 04, 2024"
"quell","Health & Household","9","7,723","$27.06","450","0%","0%","Low","Very Low","No Peak Month","Feb 15, 2024"
"cropped long sleeve top","Clothing, Shoes & Jewelry","9","2,276","$21.75","38,047","-23%","7%","Very Low","Low","No Peak Month","Feb 12, 2024"
"blackberry izze","Grocery & Gourmet Food","9","7,262","$25.18","405","57%","-22%","Low","Very Low","No Peak Month","Feb 04, 2024"
"duncan hines cake mix classic butter golden","Grocery & Gourmet Food","9","2,454","$15.99","450","0%","13%","Very Low","Low","No Peak Month","Nov 21, 2023"
"snoring mouth tape","Health & Household","9","2,323","$13.88","4,751","67%","49%","Very Low","Low","No Peak Month","Feb 17, 2024"
"black ca","Industrial & Scientific","9","2,319","$14.68","450","0%","0%","Very Low","Low","No Peak Month","Feb 13, 2024"
"windshield chip","Automotive","9","2,549","$12.83","347","0%","0%","Very Low","Low","No Peak Month","Feb 16, 2024"
"akatsuki mask","Clothing, Shoes & Jewelry","9","2,210","$12.74","450","0%","0%","Very Low","Very Low","No Peak Month","Feb 16, 2024"
"crystal light tropical coconut","Grocery & Gourmet Food","9","1,595","$58.63","481","20%","-23%","Very Low","Very Low","No Peak Month","Feb 17, 2024"
"00s pop","Toys & Games","9","2,331","$10.85","450","0%","13%","Very Low","Very Low","No Peak Month","Nov 20, 2023"
"berkley jensen baby wipes","Baby","9","1,626","$38.53","450","0%","13%","Very Low","Very Low","No Peak Month","Nov 21, 2023"
"98 degrees","Clothing, Shoes & Jewelry","9","1,530","$21.07","1,437","-40%","-39%","Very Low","Low","No Peak Month","Feb 16, 2024"
"oklahoma state shirt","Sports & Outdoors","9","1,174","$21.66","450","0%","0%","Very Low","Low","No Peak Month","Feb 05, 2024"
"him band shirt","Clothing, Shoes & Jewelry","9","1,545","$21.99","450","0%","0%","Very Low","Very Low","No Peak Month","Feb 04, 2024"
"benzaldehyde","Grocery & Gourmet Food","9","1,579","$29.96","450","0%","6%","Very Low","Very Low","No Peak Month","Dec 03, 2023"
"dasani water","Grocery & Gourmet Food","9","2,325","$25.49","2,964","31%","-21%","Very Low","Very Low","No Peak Month","Feb 17, 2024"
"blaster box","Sports & Outdoors","9","1,254","$27.58","2,000","-16%","44%","Very Low","Very Low","No Peak Month","Feb 11, 2024"
"kerastase bain divalent shampoo","Beauty & Personal Care","9","1,575","$39.51","366","11%","-26%","Very Low","Very Low","No Peak Month","Feb 05, 2024"
"hammermill colored paper","Office Products","9","2,239","$18.99","450","-5%","-16%","Very Low","Low","No Peak Month","Feb 04, 2024"
"aura perfume for women","Beauty & Personal Care","9","2,323","$23.09","1,042","-9%","58%","Very Low","Low","No Peak Month","Feb 11, 2024"
"blooming peony and cherry glade","Health & Household","9","8,542","$29.26","450","0%","13%","Low","Very Low","No Peak Month","Nov 21, 2023"
"keep the change","Tools & Home Improvement","9","2,046","$120.71","450","0%","0%","Very Low","Very Low","No Peak Month","Dec 16, 2023"
"orange rockstar recovery","Grocery & Gourmet Food","9","3,506","$26.01","450","0%","15%","Very Low","Very Low","No Peak Month","Feb 15, 2024"
"lion brand 24/7 cotton","Arts, Crafts & Sewing","9","2,912","$24.39","450","0%","0%","Very Low","Low","No Peak Month","Feb 05, 2024"
"brooks c13","Sports & Outdoors","9","7,599","$140.80","450","0%","13%","Very Low","Very Low","No Peak Month","Apr 21, 2023"
"pokino board game","Toys & Games","9","2,182","$18.10","450","0%","0%","Very Low","Low","No Peak Month","Jan 16, 2024"
"mouth taping","Health & Household","9","3,426","$13.07","1,422","-11%","41%","Very Low","Low","No Peak Month","Feb 15, 2024"
"asics womens gel cumulus","Clothing, Shoes & Jewelry","9","3,374","$14.43","1,413","51%","-13%","Very Low","Very Low","No Peak Month","Feb 04, 2024"
"strawberry orange banana crystal light","Grocery & Gourmet Food","9","5,238","$29.91","278","0%","0%","Very Low","Very Low","No Peak Month","Feb 06, 2024"
"lysimachiae herba","Health & Household","9","3,284","$27.80","450","0%","-25%","Very Low","Low","No Peak Month","Feb 05, 2024"
"handout glove","Clothing, Shoes & Jewelry","9","3,445","$66.65","450","0%","0%","Very Low","Low","No Peak Month","Feb 17, 2024"
"adore pink hair dye","Beauty & Personal Care","9","3,995","$17.15","1,965","79%","8%","Very Low","Low","No Peak Month","Feb 17, 2024"
"asics gel-cumulus","Clothing, Shoes & Jewelry","9","3,288","$7.77","450","0%","0%","Very Low","Very Low","No Peak Month","Feb 04, 2024"
"core power 42g","Grocery & Gourmet Food","9","11,969","$41.87","636","-16%","-47%","Very Low","Low","No Peak Month","Feb 15, 2024"
"hills brothers french vanilla cappuccino","Grocery & Gourmet Food","9","2,128","$22.48","450","0%","0%","Very Low","Very Low","No Peak Month","Feb 10, 2024"
"3d crest white toothpaste","Health & Household","9","4,616","$14.23","1,253","11%","8%","Very Low","Low","No Peak Month","Feb 16, 2024"
"crest toothpaste 3d white","Health & Household","9","6,294","$15.87","2,267","-25%","-32%","Very Low","Low","No Peak Month","Feb 17, 2024"
"wild harvest turmeric","Health & Household","9","9,615","$29.55","450","0%","0%","Very Low","Low","No Peak Month","Feb 06, 2024"
"sleep tape mouth","Health & Household","9","3,532","$17.38","450","0%","0%","Very Low","Low","No Peak Month","Feb 16, 2024"
"rockstar lemonade recovery","Grocery & Gourmet Food","9","3,226","$32.78","450","0%","0%","Very Low","Very Low","No Peak Month","Feb 05, 2024"
"terry bradshaw steelers jersey","Sports & Outdoors","9","2,059","$79.44","450","0%","0%","Very Low","Very Low","No Peak Month","Feb 06, 2024"
"hen","Pet Supplies","9","2,376","$24.93","450","0%","0%","Very Low","Very Low","No Peak Month","Feb 17, 2024"
"baseball brother shirt","Clothing, Shoes & Jewelry","9","1,290","$21.17","450","0%","0%","Very Low","Low","No Peak Month","Dec 11, 2023"
"2018 nissan titan accessories","Automotive","9","2,382","$71.21","616","-22%","-10%","Very Low","Very Low","No Peak Month","Feb 03, 2024"
"cerenity","Health & Household","9","2,262","$52.85","562","0%","0%","Very Low","Low","No Peak Month","Feb 04, 2024"
"toothpaste crest 3d","Health & Household","9","3,509","$12.71","395","0%","0%","Very Low","Very Low","No Peak Month","Feb 16, 2024"
"morning fresh little trees","Automotive","9","4,343","$11.74","450","0%","0%","Very Low","Low","No Peak Month","Feb 05, 2024"
"ortholite insoles men","Health & Household","9","7,335","$18.76","624","11%","-15%","Very Low","Low","No Peak Month","Feb 15, 2024"
"magmind magnesium l threonate","Health & Household","9","4,037","$43.73","450","0%","0%","Very Low","Low","No Peak Month","Dec 24, 2023"
"opcon a eye drops","Health & Household","9","2,312","$21.16","2,297","12%","-34%","Very Low","Low","No Peak Month","Feb 14, 2024"
"mrs meyers hand soap plum berry","Beauty & Personal Care","9","9,813","$34.77","450","0%","0%","Very Low","Very Low","No Peak Month","Feb 05, 2024"
"boulder clean all purpose cleaner","Health & Household","9","3,427","$20.88","450","0%","13%","Very Low","Low","No Peak Month","Nov 21, 2023"
"oboz insoles for men","Health & Household","9","4,806","$32.75","450","0%","0%","Very Low","Low","No Peak Month","Feb 05, 2024"
"panini football","Sports & Outdoors","9","1,864","$62.00","1,959","3%","54%","Very Low","Low","No Peak Month","Feb 17, 2024"
"ofra liquid lipstick","Beauty & Personal Care","9","3,979","$14.08","593","28%","7%","Very Low","Low","No Peak Month","Feb 15, 2024"
"core power vanilla","Health & Household","9","11,638","$41.71","4,538","0%","19%","Very Low","Very Low","No Peak Month","Feb 10, 2024"
"turbos flamas","Grocery & Gourmet Food","9","2,325","$30.88","1,007","-24%","20%","Very Low","Low","No Peak Month","Feb 06, 2024"
"neon jumpsuit","Clothing, Shoes & Jewelry","9","2,452","$35.79","1,508","-2%","-39%","Very Low","Very Low","No Peak Month","Feb 17, 2024"
"vocabulary notebook","Office Products","9","2,472","$14.87","1,301","-16%","-23%","Very Low","Low","No Peak Month","Feb 13, 2024"
"air force 1 green","Clothing, Shoes & Jewelry","9","1,457","$486.57","450","0%","13%","Very Low","Low","No Peak Month","Nov 20, 2023"
"eastrail 177 trilogy","Tools & Home Improvement","9","22,332","$372.56","450","0%","13%","Very Low","Low","No Peak Month","Sep 20, 2023"
"30th birthday tiara","Beauty & Personal Care","9","2,468","$8.80","1,449","0%","3%","Very Low","Very Low","No Peak Month","Feb 03, 2024"
"cerakote","Automotive","9","2,963","$45.55","13,560","-10%","-33%","Very Low","Very Low","No Peak Month","Feb 15, 2024"
"snore mouth tape","Health & Household","9","2,492","$14.87","1,224","41%","31%","Very Low","Very Low","No Peak Month","Feb 15, 2024"
"crystal light fruit punch on the go packets","Grocery & Gourmet Food","9","3,237","$18.16","450","0%","0%","Very Low","Very Low","No Peak Month","Feb 04, 2024"
"authority dog food","Pet Supplies","9","6,837","$49.65","3,954","20%","4%","Very Low","Low","No Peak Month","Feb 17, 2024"
"bumkins waterproof wet bag","Baby","9","2,510","$14.10","955","20%","-44%","Very Low","Low","No Peak Month","Feb 17, 2024"
"magic: the gathering","Toys & Games","9","2,116","$55.20","792","-47%","65%","Very Low","Low","No Peak Month","Feb 17, 2024"
"channel foundation for women","Beauty & Personal Care","9","9,607","$59.00","450","0%","13%","Very Low","Very Low","No Peak Month","Nov 21, 2023"
"rockstar lemonade","Grocery & Gourmet Food","9","3,571","$37.13","510","-34%","29%","Very Low","Low","No Peak Month","Feb 16, 2024"